date,close,pred_top,pred_bot
2022-03-11,0.1189009994268417,0.26858637,0.47706056
2022-03-12,0.1186899989843368,0.28398418,0.45680678
2022-03-13,0.118316002190113,0.28577143,0.44429472
2022-03-14,0.1187879964709281,0.3033173,0.4096118
2022-03-15,0.1150920018553733,0.31743997,0.37674692
2022-03-16,0.116686999797821,0.31075397,0.37603384
2022-03-17,0.1172119975090026,0.31583774,0.3715173
2022-03-18,0.1236149966716766,0.35041258,0.33292323
2022-03-19,0.1249200031161308,0.36919302,0.30604798
2022-03-20,0.1273840069770813,0.36785713,0.30133697
2022-03-21,0.1256909966468811,0.38977805,0.29891196
2022-03-22,0.1261139959096908,0.3988933,0.2591191
2022-03-23,0.12602099776268,0.4232666,0.23723745
2022-03-24,0.1336210072040558,0.44079205,0.22655115
2022-03-25,0.1363220065832138,0.48307133,0.25366604
2022-03-26,0.1491750031709671,0.4983988,0.24903156
2022-03-27,0.1514749974012375,0.5598337,0.19570452
2022-03-28,0.1837770044803619,0.5730228,0.18254897
2022-03-29,0.1737450063228607,0.62284946,0.17995569
2022-03-30,0.1768569946289062,0.62061054,0.1872553
2022-03-31,0.1990929991006851,0.6608934,0.1509936
2022-04-01,0.1794150024652481,0.6795096,0.14181194
2022-04-02,0.1629460006952285,0.6613324,0.14852269
2022-04-03,0.1678449958562851,0.6339344,0.14356542
2022-04-04,0.1637679934501648,0.6464399,0.12737271
2022-04-05,0.1770669966936111,0.6176929,0.15152517
2022-04-06,0.1578100025653839,0.62327856,0.15905337
2022-04-07,0.159520998597145,0.58006275,0.17106591
2022-04-08,0.1519650071859359,0.5934089,0.14143617
2022-04-09,0.1582970023155212,0.58554053,0.13724074
2022-04-10,0.1660989969968795,0.6051152,0.119940184
2022-04-11,0.1548479944467544,0.6087415,0.12048252
2022-04-12,0.1608940064907074,0.57938343,0.13086753
2022-04-13,0.1687690019607544,0.59655184,0.1084814
2022-04-14,0.161200001835823,0.6219863,0.105374314
2022-04-15,0.183240994811058,0.6146614,0.09994239
2022-04-16,0.1920849978923797,0.6525599,0.073009744
2022-04-17,0.1917530000209808,0.64522505,0.07602524
2022-04-18,0.2008379995822906,0.64047074,0.09474894
2022-04-19,0.1926209926605224,0.6615059,0.08677145
2022-04-20,0.1778790056705474,0.6454897,0.08323851
2022-04-21,0.1635199934244156,0.6200873,0.088781536
2022-04-22,0.1609040051698684,0.58912086,0.10245341
2022-04-23,0.1645829975605011,0.5748999,0.11049634
2022-04-24,0.1621090024709701,0.57204026,0.116801485
2022-04-25,0.1606899946928024,0.5731987,0.11009537
2022-04-26,0.1512430012226104,0.55328035,0.12323837
2022-04-27,0.1580889970064163,0.5275909,0.13316779
2022-04-28,0.1530449986457824,0.53398573,0.12785484
2022-04-29,0.1460160017013549,0.51535416,0.13699497
2022-04-30,0.1350380033254623,0.4996149,0.13973568
2022-05-01,0.1365209966897964,0.47336867,0.15368295
2022-05-02,0.1358119994401931,0.47673512,0.15993552
2022-05-03,0.1343120038509369,0.451534,0.19302127
2022-05-04,0.139174997806549,0.4599236,0.17019843
2022-05-05,0.1265020072460174,0.4555261,0.17009798
2022-05-06,0.1262660026550293,0.41876146,0.19878559
2022-05-07,0.1233510002493858,0.40793246,0.20927463
2022-05-08,0.1175180003046989,0.40920454,0.19132513
2022-05-09,0.1034089997410774,0.39433885,0.19757588
2022-05-10,0.1026619970798492,0.35583144,0.25373065
2022-05-11,0.0819159969687461,0.3459696,0.28264874
2022-05-12,0.0738840028643608,0.30470672,0.41682065
2022-05-13,0.0794799998402595,0.2982631,0.46588406
2022-05-14,0.0795169994235038,0.31082055,0.43181902
2022-05-15,0.0874510034918785,0.32243475,0.40251535
2022-05-16,0.0828659981489181,0.34213254,0.3311072
2022-05-17,0.0857859998941421,0.3380542,0.34697157
2022-05-18,0.082234002649784,0.34936783,0.3097184
2022-05-19,0.0876030027866363,0.35059077,0.29622242
2022-05-20,0.0833590030670166,0.37551525,0.22341791
2022-05-21,0.0919689983129501,0.36665317,0.2567486
2022-05-22,0.0951960012316703,0.39965308,0.18000798
2022-05-23,0.0900039970874786,0.4140482,0.15630415
2022-05-24,0.0917669981718063,0.40080905,0.18097804
2022-05-25,0.0880739986896514,0.40412304,0.17457888
2022-05-26,0.0914790034294128,0.3977545,0.19002539
2022-05-27,0.092630997300148,0.40262136,0.18445358
2022-05-28,0.0883060023188591,0.3998098,0.1871696
2022-05-29,0.0852269977331161,0.38650724,0.21063496
2022-05-30,0.0872740000486373,0.35955235,0.2568961
2022-05-31,0.0855370014905929,0.36518684,0.23727642
2022-06-01,0.0798119977116584,0.3584602,0.24650608
2022-06-02,0.0819049999117851,0.34832793,0.28574228
2022-06-03,0.0795629993081092,0.36920372,0.25320402
2022-06-04,0.0810260027647018,0.3726976,0.2812001
2022-06-05,0.0800779983401298,0.39973217,0.2594749
2022-06-06,0.0815460011363029,0.39451957,0.25856492
2022-06-07,0.0790529996156692,0.3960834,0.24734533
2022-06-08,0.0783310011029243,0.37831205,0.26773503
2022-06-09,0.0775509998202323,0.38388628,0.25631315
2022-06-10,0.0732079967856407,0.37729082,0.26999232
2022-06-11,0.0686580017209053,0.3687129,0.2780418
2022-06-12,0.063680000603199,0.34992367,0.30774087
2022-06-13,0.0567490011453628,0.33468428,0.34668776
2022-06-14,0.0569319985806942,0.3051787,0.41133305
2022-06-15,0.0559840016067028,0.3001804,0.41504902
2022-06-16,0.0505409985780715,0.2896402,0.421851
2022-06-17,0.0529690012335777,0.26797196,0.4620628
2022-06-18,0.048734001815319,0.273794,0.44079146
2022-06-19,0.0514440014958381,0.26298913,0.4666616
2022-06-20,0.0513200014829635,0.27773687,0.4397963
2022-06-21,0.0532689988613128,0.29005238,0.42078483
2022-06-22,0.0502660013735294,0.29824644,0.3988911
2022-06-23,0.0529009997844696,0.29019603,0.4081441
2022-06-24,0.0546769984066486,0.30259594,0.37569734
2022-06-25,0.0577909983694553,0.2867448,0.37489578
2022-06-26,0.0541500002145767,0.28989235,0.35041818
2022-06-27,0.0537390001118183,0.27183884,0.38603005
2022-06-28,0.0519010014832019,0.27255672,0.3827518
2022-06-29,0.0504550002515316,0.26168978,0.40003753
2022-06-30,0.053261000663042,0.2549495,0.41268757
2022-07-01,0.0500730015337467,0.25733724,0.38494414
2022-07-02,0.0490819998085498,0.24292105,0.4176405
2022-07-03,0.0479229986667633,0.24230833,0.431283
2022-07-04,0.0496370010077953,0.23581846,0.43853235
2022-07-05,0.0479129999876022,0.23463252,0.4260219
2022-07-06,0.0510520003736019,0.22317046,0.43694863
2022-07-07,0.0525709986686706,0.23821777,0.3939293
2022-07-08,0.0510869994759559,0.25387013,0.3679203
2022-07-09,0.0515390001237392,0.26193678,0.36658478
2022-07-10,0.0485799983143806,0.27188572,0.3560081
2022-07-11,0.0458500012755394,0.2624338,0.37713718
2022-07-12,0.0436940006911754,0.2406934,0.40574917
2022-07-13,0.0493029989302158,0.22888395,0.42149854
2022-07-14,0.0491530001163482,0.2578936,0.3520402
2022-07-15,0.0493620000779628,0.24998376,0.38548082
2022-07-16,0.0494600012898445,0.2643279,0.36921677
2022-07-17,0.0511830002069473,0.27073824,0.35389468
2022-07-18,0.0542180016636848,0.28487203,0.33581716
2022-07-19,0.0548340007662773,0.3085387,0.30433083
2022-07-20,0.0520859993994236,0.32171443,0.30070028
2022-07-21,0.0587759986519813,0.2998841,0.3373019
2022-07-22,0.0549449995160102,0.34213883,0.27338165
2022-07-23,0.0566419996321201,0.3176361,0.31131363
2022-07-24,0.0560070015490055,0.31896242,0.30177158
2022-07-25,0.0511629991233348,0.3034563,0.32342535
2022-07-26,0.0488279983401298,0.26582426,0.39115235
2022-07-27,0.0517259985208511,0.25228247,0.40917253
2022-07-28,0.0540810003876686,0.26962903,0.38191825
2022-07-29,0.0540740005671978,0.2804166,0.3563271
2022-07-30,0.0540810003876686,0.28284067,0.3588872
2022-07-31,0.0547420009970665,0.27539068,0.36928242
2022-08-01,0.0558199994266033,0.2824288,0.35291502
2022-08-02,0.0538280010223388,0.29885262,0.33197305
2022-08-03,0.0546460002660751,0.29929066,0.35040838
2022-08-04,0.0573690012097358,0.2945811,0.37809193
2022-08-05,0.0583549998700618,0.31206927,0.34729055
2022-08-06,0.0592509992420673,0.31712815,0.32917175
2022-08-07,0.0593530014157295,0.32695368,0.31569222
2022-08-08,0.0635309964418411,0.3117474,0.33780262
2022-08-09,0.0582499988377094,0.35218823,0.27077463
2022-08-10,0.0610890015959739,0.3167292,0.33296147
2022-08-11,0.0615920014679431,0.3439314,0.30688217
2022-08-12,0.0637869983911514,0.34989715,0.316903
2022-08-13,0.0623780004680156,0.35551193,0.31218502
2022-08-14,0.0600319989025592,0.3362018,0.3297145
2022-08-15,0.057142000645399,0.32238922,0.3583865
2022-08-16,0.0574360005557537,0.3011804,0.38409573
2022-08-17,0.0579999983310699,0.30599692,0.37779436
2022-08-18,0.0609910003840923,0.30888504,0.37160808
2022-08-19,0.0516519993543624,0.34354776,0.31820664
2022-08-20,0.0523159988224506,0.2776608,0.43968883
2022-08-21,0.0530240014195442,0.27542883,0.44726118
2022-08-22,0.0526180006563663,0.2905154,0.4398816
2022-08-23,0.0538109987974166,0.29550517,0.4597296
2022-08-24,0.0546789988875389,0.326875,0.43245602
2022-08-25,0.0549959987401962,0.32258064,0.45899373
2022-08-26,0.0573409982025623,0.31169072,0.46558082
2022-08-27,0.0543910004198551,0.34294462,0.38956937
2022-08-28,0.0505659990012645,0.33464116,0.45446077
2022-08-29,0.052531000226736,0.3059561,0.498829
2022-08-30,0.050340998917818,0.325566,0.47796565
2022-08-31,0.0505019985139369,0.31828085,0.49201512
2022-09-01,0.050705000758171,0.32146624,0.48968983
2022-09-02,0.0506779998540878,0.32304546,0.48890412
2022-09-03,0.0510319992899894,0.3211635,0.49125963
2022-09-04,0.0525190010666847,0.31798968,0.49727598
2022-09-05,0.0529449991881847,0.33186367,0.48836896
2022-09-06,0.0506229996681213,0.32817346,0.49197218
2022-09-07,0.0518230013549327,0.31149045,0.5148799
2022-09-08,0.0523179993033409,0.31351036,0.512087
2022-09-09,0.055502001196146,0.31858304,0.5033285
2022-09-10,0.0559060014784336,0.33346647,0.48100457
2022-09-11,0.0543130002915859,0.340211,0.47159865
2022-09-12,0.052786000072956,0.33387002,0.47932756
2022-09-13,0.0481010004878044,0.32720375,0.4942869
2022-09-14,0.0608730018138885,0.3205698,0.52404547
2022-09-15,0.0513660013675689,0.4078698,0.2906796
2022-09-16,0.0489090010523796,0.37392738,0.41030988
2022-09-17,0.0491649992763996,0.33305073,0.49572226
2022-09-18,0.0434719994664192,0.32443246,0.5092836
2022-09-19,0.0438239984214305,0.28867486,0.568641
2022-09-20,0.0430789999663829,0.29594997,0.5624988
2022-09-21,0.0423009991645813,0.30533206,0.55827856
2022-09-22,0.0435439981520175,0.28020555,0.5878133
2022-09-23,0.0429369993507862,0.28454962,0.5780908
2022-09-24,0.0429270006716251,0.27458146,0.58561146
2022-09-25,0.0425259992480278,0.27633977,0.5862872
2022-09-26,0.0435799993574619,0.2815392,0.58746237
2022-09-27,0.0427940003573894,0.29137903,0.5704509
2022-09-28,0.0420110002160072,0.2975619,0.56154525
2022-09-29,0.0419729985296726,0.27344206,0.5811147
2022-09-30,0.0422330014407634,0.2755289,0.5747732
2022-10-01,0.0416360013186931,0.27678898,0.5702182
2022-10-02,0.0413490012288093,0.2678569,0.5813047
2022-10-03,0.0422159992158412,0.266041,0.59013104
2022-10-04,0.0422540009021759,0.2592185,0.59776145
2022-10-05,0.0421940013766288,0.24903138,0.6123098
2022-10-06,0.0419889986515045,0.24324164,0.6162657
2022-10-07,0.0416919998824596,0.22821887,0.61938846
2022-10-08,0.0414079986512661,0.22056557,0.6213555
2022-10-09,0.0415210016071796,0.21267074,0.6266966
2022-10-10,0.039767000824213,0.20759048,0.63100976
2022-10-11,0.0382280014455318,0.18513721,0.6467673
2022-10-12,0.0369260013103485,0.18181545,0.6510869
2022-10-13,0.0355239994823932,0.17873384,0.6540569
2022-10-14,0.0353190004825592,0.1706358,0.65667796
2022-10-15,0.0399210005998611,0.16014561,0.66493773
2022-10-16,0.0370469987392425,0.20363563,0.61387193
2022-10-17,0.0376759991049766,0.14938402,0.6603043
2022-10-18,0.0447839982807636,0.1459764,0.6609612
2022-10-19,0.0389599986374378,0.26668543,0.5461316
2022-10-20,0.0381929986178875,0.16632065,0.6375719
2022-10-21,0.0380549989640712,0.15567772,0.650107
2022-10-22,0.0381460003554821,0.15483026,0.6533886
2022-10-23,0.038196999579668,0.14883016,0.65832853
2022-10-24,0.0376100018620491,0.15332784,0.6540708
2022-10-25,0.0380849987268447,0.15263924,0.6548277
2022-10-26,0.0385150015354156,0.1465545,0.6537701
2022-10-27,0.0376189984381198,0.14754042,0.6502606
2022-10-28,0.0378520004451274,0.14412367,0.6524937
2022-10-29,0.0377410016953945,0.150315,0.6416297
2022-10-30,0.0376599989831447,0.15358777,0.6363765
2022-10-31,0.038137000054121,0.16181639,0.6292715
2022-11-01,0.0408090017735958,0.17242311,0.61543226
2022-11-02,0.0390769988298416,0.18983936,0.5786841
2022-11-03,0.0396189987659454,0.17814827,0.60414946
2022-11-04,0.0410499982535839,0.1862427,0.59790146
2022-11-05,0.0410250015556812,0.19886172,0.59346426
2022-11-06,0.0402299985289573,0.19283204,0.60214114
2022-11-07,0.0403489992022514,0.18574621,0.6145911
2022-11-08,0.0319369994103908,0.18394844,0.6242883
2022-11-09,0.0247039999812841,0.14025903,0.68955797
2022-11-10,0.0321450009942054,0.11817436,0.72846216
2022-11-11,0.0315320007503032,0.1748245,0.65812224
2022-11-12,0.0307349991053342,0.18409881,0.6502437
2022-11-13,0.0302269998937845,0.18350534,0.6549169
2022-11-14,0.0297880005091428,0.17968938,0.65726244
2022-11-15,0.0307429991662502,0.16908708,0.67091376
2022-11-16,0.0301590003073215,0.18241078,0.64706063
2022-11-17,0.0306199993938207,0.18282527,0.6486048
2022-11-18,0.0293979998677968,0.1566168,0.6883314
2022-11-19,0.0290890000760555,0.13697083,0.70844173
2022-11-20,0.0273700002580881,0.12432735,0.72579753
2022-11-21,0.0259840004146099,0.10023711,0.76149577
2022-11-22,0.0271639991551637,0.080323204,0.795669
2022-11-23,0.0279760006815195,0.078721724,0.7949256
2022-11-24,0.027488999068737,0.079924695,0.7897359
2022-11-25,0.0271710008382797,0.0682907,0.80451864
2022-11-26,0.0273219998925924,0.06917003,0.8170901
2022-11-27,0.0282230004668235,0.068926804,0.8270092
2022-11-28,0.0279259998351335,0.07785412,0.7971196
2022-11-29,0.0283429995179176,0.07452294,0.7919569
2022-11-30,0.0290779992938041,0.07634856,0.7911684
2022-12-01,0.0287660006433725,0.08563992,0.7943933
2022-12-02,0.0289140008389949,0.08482855,0.79560953
2022-12-03,0.02849099971354,0.09400037,0.77854353
2022-12-04,0.0288200005888938,0.09872796,0.74795526
2022-12-05,0.0280670002102851,0.114697285,0.7117037
2022-12-06,0.0279539991170167,0.11456527,0.70770144
2022-12-07,0.0265650004148483,0.116600156,0.7138716
2022-12-08,0.0271470006555318,0.102184445,0.7793542
2022-12-09,0.0276250001043081,0.10713653,0.74397624
2022-12-10,0.0272770002484321,0.10856911,0.682486
2022-12-11,0.0272029992192983,0.07461467,0.69433004
2022-12-12,0.0265890005975961,0.06690226,0.68634987
2022-12-13,0.0268549993634223,0.06486807,0.6889998
2022-12-14,0.0264149997383356,0.07110344,0.68547326
2022-12-15,0.0262880008667707,0.06755609,0.7056297
2022-12-16,0.0234179999679327,0.06587498,0.72142947
2022-12-17,0.0239199995994567,0.052136824,0.7952148
2022-12-18,0.0236029997467994,0.051871207,0.7962574
2022-12-19,0.0222950000315904,0.0474844,0.8095761
2022-12-20,0.0235709995031356,0.043341875,0.86622655
2022-12-21,0.0231519993394613,0.051254965,0.8898604
2022-12-22,0.0228679999709129,0.053503245,0.9147434
2022-12-23,0.0230279993265867,0.051554654,0.919628
2022-12-24,0.0232670009136199,0.0534275,0.8985001
2022-12-25,0.0226719994097948,0.058874022,0.8959127
2022-12-26,0.0228199996054172,0.057343286,0.8997228
2022-12-27,0.0246719997376203,0.0638756,0.89217526
2022-12-28,0.0232779998332262,0.12436904,0.95651186
2022-12-29,0.0224830005317926,0.09213406,0.9275388
2022-12-30,0.0221929997205734,0.085123524,0.91569126
2022-12-31,0.021976999938488,0.08297586,0.91182464
2023-01-01,0.0221439991146326,0.07761629,0.92098886
2023-01-02,0.0225159991532564,0.07931568,0.93650526
2023-01-03,0.022469999268651,0.089639194,0.9397999
2023-01-04,0.0228489991277456,0.07954456,0.92864025
2023-01-05,0.0228300001472234,0.08268976,0.89269
2023-01-06,0.0228410009294748,0.07767087,0.8437644
2023-01-07,0.0228390004485845,0.07789259,0.8025527
2023-01-08,0.0233500003814697,0.080662824,0.79524314
2023-01-09,0.0238109994679689,0.10135335,0.7988321
2023-01-10,0.024049999192357,0.12195651,0.7931136
2023-01-11,0.0244529992341995,0.110011265,0.7959862
2023-01-12,0.0245949998497962,0.10586764,0.8140666
2023-01-13,0.0255050007253885,0.084979095,0.8566785
2023-01-14,0.0275529995560646,0.07685366,0.88935596
2023-01-15,0.0278609991073608,0.121521614,0.9125969
2023-01-16,0.0272129997611045,0.11412913,0.89040947
2023-01-17,0.0272179991006851,0.120158404,0.9350611
2023-01-18,0.0257319994270801,0.10335916,0.9221073
2023-01-19,0.0263310000300407,0.08293117,0.95041734
2023-01-20,0.0276069995015859,0.073413685,0.9419101
2023-01-21,0.0270670000463724,0.09049171,0.93482393
2023-01-22,0.0277130007743835,0.10093519,0.9502058
2023-01-23,0.0291179995983839,0.14636996,0.95184886
2023-01-24,0.0294620003551244,0.19207563,0.93676347
2023-01-25,0.0317680016160011,0.2990588,0.9748457
2023-01-26,0.0605290010571479,0.34732231,0.96113306
2023-01-27,0.0691040009260177,0.49242976,0.76677436
2023-01-28,0.0638979971408844,0.49363348,0.7249549
2023-01-29,0.0639579966664314,0.46665195,0.85402906
2023-01-30,0.0547499991953372,0.44761243,0.8908462
2023-01-31,0.054611001163721,0.3625864,0.96791023
2023-02-01,0.0578310005366802,0.33266845,0.97553784
2023-02-02,0.0757670029997825,0.3287057,0.98170966
2023-02-03,0.0700389966368675,0.41340062,0.9699692
2023-02-04,0.0670429989695549,0.31883457,0.9886891
2023-02-05,0.0631989985704422,0.26552722,0.9904275
2023-02-06,0.0638940036296844,0.22567983,0.9921572
2023-02-07,0.0700410008430481,0.2437393,0.99208075
2023-02-08,0.0649859979748725,0.26968634,0.9872953
2023-02-09,0.0548119992017746,0.20449194,0.9937782
2023-02-10,0.0572319999337196,0.12351661,0.9969812
2023-02-11,0.0576139986515045,0.122427545,0.9971016
2023-02-12,0.0543630011379718,0.10785987,0.9976821
2023-02-13,0.0518469996750354,0.09557685,0.99805754
2023-02-14,0.0561020001769065,0.085783236,0.99829525
2023-02-15,0.0918790027499198,0.09763912,0.9981516
2023-02-16,0.1392360031604766,0.2982519,0.98900187
2023-02-17,0.1523810029029846,0.46234602,0.6785854
2023-02-18,0.155358999967575,0.5151422,0.3986428
2023-02-19,0.2263360023498535,0.5090667,0.33312687
2023-02-20,0.3252460062503814,0.44528157,0.35609704
2023-02-21,0.3294239938259125,0.47861513,0.22684106
2023-02-22,0.2830590009689331,0.49508515,0.15458427
2023-02-23,0.3056440055370331,0.49193254,0.13649888
2023-02-24,0.2399230003356933,0.5018897,0.09173083
2023-02-25,0.2322929948568344,0.48114377,0.088913895
2023-02-26,0.2363709956407547,0.47003576,0.08130656
2023-02-27,0.2255599945783615,0.47181106,0.06157198
2023-02-28,0.1946379989385604,0.46904346,0.0526865
2023-03-01,0.2387119978666305,0.45056188,0.05170394
2023-03-02,0.2273859977722168,0.4849166,0.040859066
2023-03-03,0.1949390023946762,0.47195876,0.045638595
2023-03-04,0.1797360032796859,0.44563147,0.056120977
2023-03-05,0.1992969959974289,0.42179728,0.064471595
2023-03-06,0.1991630047559738,0.43299243,0.05337023
2023-03-07,0.2200179994106292,0.43451902,0.046512134
2023-03-08,0.1886360049247741,0.45172894,0.038461085
2023-03-09,0.167162999510765,0.40889123,0.047908895
2023-03-10,0.160180002450943,0.37113354,0.057823528
2023-03-11,0.1477919965982437,0.35692692,0.05883611
2023-03-12,0.1855279952287674,0.34399155,0.05747332
2023-03-13,0.2594799995422363,0.41128853,0.03503003
2023-03-14,0.302183985710144,0.49471003,0.021456381
2023-03-15,0.2746970057487488,0.5234879,0.018011168
2023-03-16,0.2931660115718841,0.5156571,0.020241348
2023-03-17,0.3969630002975464,0.53157985,0.01824987
2023-03-18,0.3762759864330292,0.5475378,0.017931169
2023-03-19,0.4574419856071472,0.5493881,0.017178722
2023-03-20,0.3991160094738006,0.5562545,0.01642196
2023-03-21,0.409756988286972,0.540777,0.017554475
2023-03-22,0.3766039907932281,0.5434181,0.018075008
2023-03-23,0.3789669871330261,0.5398834,0.019584998
2023-03-24,0.3305529952049255,0.54456,0.019229451
2023-03-25,0.3129970133304596,0.5250672,0.021430735
2023-03-26,0.351375013589859,0.5192888,0.022236403
2023-03-27,0.3206320106983185,0.5369013,0.020350954
2023-03-28,0.3536649942398071,0.5272624,0.022600401
2023-03-29,0.4321460127830505,0.5420746,0.021907862
2023-03-30,0.4031060039997101,0.5622493,0.020094384
2023-03-31,0.4134150147438049,0.55153626,0.02321795
2023-04-01,0.3852050006389618,0.5452631,0.023663629
2023-04-02,0.3711459934711456,0.52851075,0.026090153
2023-04-03,0.3639200031757355,0.5120863,0.029217858
2023-04-04,0.3686279952526092,0.50058067,0.03218864
2023-04-05,0.3881930112838745,0.50378084,0.030417241
2023-04-06,0.3733470141887665,0.5124667,0.027397979
2023-04-07,0.37151899933815,0.50396305,0.027962608
2023-04-08,0.3684409856796264,0.50029314,0.0280702
2023-04-09,0.3760780096054077,0.4979373,0.028879832
2023-04-10,0.4348269999027252,0.5019846,0.029414563
2023-04-11,0.4054319858551025,0.53355384,0.024894265
2023-04-12,0.381072998046875,0.524955,0.025470087
2023-04-13,0.3897129893302917,0.51049477,0.026139583
2023-04-14,0.3782519996166229,0.5161458,0.024098935
2023-04-15,0.3757689893245697,0.5102842,0.02563231
2023-04-16,0.3785809874534607,0.5061134,0.02720489
2023-04-17,0.3586420118808746,0.506628,0.028680712
2023-04-18,0.3670470118522644,0.4948096,0.032549366
2023-04-19,0.321958988904953,0.49886858,0.032549515
2023-04-20,0.326460987329483,0.47516653,0.0387314
2023-04-21,0.2901259958744049,0.4792011,0.037188403
2023-04-22,0.2973099946975708,0.45342484,0.044197354
2023-04-23,0.2869479954242706,0.4610337,0.042393617
2023-04-24,0.2949880063533783,0.45464966,0.04447894
2023-04-25,0.3153519928455353,0.45799184,0.042813692
2023-04-26,0.3198649883270263,0.46513626,0.04062997
2023-04-27,0.3323050141334533,0.47089985,0.040832166
2023-04-28,0.3364950120449066,0.47328272,0.04064541
2023-04-29,0.3274269998073578,0.4900079,0.03980203
2023-04-30,0.3202120065689087,0.4923989,0.04085967
2023-05-01,0.3055219948291778,0.5017663,0.040258057
2023-05-02,0.3109349906444549,0.48936495,0.043516677
2023-05-03,0.3256860077381134,0.4811796,0.043446686
2023-05-04,0.3239130079746246,0.47607926,0.04406648
2023-05-05,0.3220930099487304,0.46580625,0.04593791
2023-05-06,0.2939119935035705,0.46357518,0.046925493
2023-05-07,0.2910749912261963,0.4480687,0.050895154
2023-05-08,0.2509340047836303,0.45201528,0.049649946
2023-05-09,0.2582969963550567,0.42451367,0.06262029
2023-05-10,0.271257996559143,0.43500358,0.06250647
2023-05-11,0.2559970021247864,0.45638847,0.061160043
2023-05-12,0.2488469928503036,0.4459108,0.07568449
2023-05-13,0.2514370083808899,0.440884,0.08615691
2023-05-14,0.2796429991722107,0.44022256,0.08285396
2023-05-15,0.2867139875888824,0.46865502,0.0718378
2023-05-16,0.313742995262146,0.4863894,0.06290108
2023-05-17,0.3009369969367981,0.5262538,0.055689286
2023-05-18,0.2941319942474365,0.5264511,0.057145666
2023-05-19,0.2993690073490143,0.53051704,0.060786184
2023-05-20,0.3000609874725342,0.53847384,0.05330052
2023-05-21,0.2963629961013794,0.534771,0.056541584
2023-05-22,0.3217949867248535,0.51590633,0.056649152
2023-05-23,0.315867006778717,0.54699606,0.04719838
2023-05-24,0.3113859891891479,0.5557463,0.051834118
2023-05-25,0.3080359995365143,0.55116594,0.054388173
2023-05-26,0.3041619956493377,0.5522362,0.053941004
2023-05-27,0.3183929920196533,0.54077,0.054731023
2023-05-28,0.3290449976921081,0.54602695,0.04933257
2023-05-29,0.3127950131893158,0.5541224,0.046703298
2023-05-30,0.3203170001506805,0.53606427,0.051772416
2023-05-31,0.2872749865055084,0.53886855,0.050736062
2023-06-01,0.2829540073871612,0.49749953,0.06831821
2023-06-02,0.2857060134410858,0.4970889,0.07331865
2023-06-03,0.2707479894161224,0.49127355,0.07087479
2023-06-04,0.2690100073814392,0.4547285,0.08493367
2023-06-05,0.228313997387886,0.44095796,0.088663146
2023-06-06,0.2425729930400848,0.38547996,0.12447498
2023-06-07,0.2312529981136322,0.39990517,0.110334076
2023-06-08,0.2315319925546646,0.393192,0.11565782
2023-06-09,0.2261169999837875,0.39317268,0.11230088
2023-06-10,0.1795839965343475,0.38211802,0.119834
2023-06-11,0.1812459975481033,0.33129284,0.16985743
2023-06-12,0.1835539937019348,0.33787936,0.1678253
2023-06-13,0.1848240047693252,0.34554017,0.16253483
2023-06-14,0.1760530024766922,0.33602843,0.1746626
2023-06-15,0.1781059950590133,0.30991867,0.22661535
2023-06-16,0.1857569962739944,0.30088165,0.23379293
2023-06-17,0.186939999461174,0.3130712,0.21818905
2023-06-18,0.1792359948158264,0.33168748,0.20080246
2023-06-19,0.182107999920845,0.33468497,0.2046609
2023-06-20,0.2175820022821426,0.34487107,0.19647057
2023-06-21,0.2455330044031143,0.3815238,0.15089142
2023-06-22,0.2549389898777008,0.40759736,0.12361414
2023-06-23,0.2542999982833862,0.41934612,0.1135312
2023-06-24,0.2391500025987625,0.41946924,0.11882398
2023-06-25,0.2317229956388473,0.40792313,0.13070288
2023-06-26,0.2227080017328262,0.4108187,0.13445798
2023-06-27,0.2299589961767196,0.40041795,0.14990635
2023-06-28,0.2022659927606582,0.40011486,0.15077177
2023-06-29,0.2037470042705536,0.37261263,0.18963186
2023-06-30,0.2020619958639145,0.37134072,0.18696123
2023-07-01,0.2072899937629699,0.38524607,0.18447542
2023-07-02,0.2042240053415298,0.3867498,0.17646436
2023-07-03,0.2073819935321808,0.37869135,0.18944764
2023-07-04,0.198186993598938,0.37486893,0.18661243
2023-07-05,0.1922380030155182,0.36224103,0.20097522
2023-07-06,0.1832229942083358,0.3663131,0.19447756
2023-07-07,0.1874289959669113,0.3640121,0.20239536
2023-07-08,0.1905519962310791,0.3697636,0.19353397
2023-07-09,0.1845629960298538,0.36591613,0.1936001
2023-07-10,0.1801380068063736,0.34138316,0.22487117
2023-07-11,0.1810909956693649,0.33242083,0.24575491
2023-07-12,0.2010349929332733,0.3243068,0.2554159
2023-07-13,0.2034959942102432,0.35781038,0.20461401
2023-07-14,0.1944289952516555,0.36289033,0.19987403
2023-07-15,0.1909260004758834,0.35762995,0.21087684
2023-07-16,0.1885350048542022,0.34269568,0.225284
2023-07-17,0.1890240013599395,0.34078062,0.23041935
2023-07-18,0.1835100054740905,0.34095842,0.23574856
2023-07-19,0.1838819980621338,0.34364867,0.24767496
2023-07-20,0.1845130026340484,0.3478602,0.2516044
2023-07-21,0.1838349997997284,0.36364016,0.23733477
2023-07-22,0.1832150071859359,0.36837748,0.23812364
2023-07-23,0.1854690015316009,0.37015066,0.23063079
2023-07-24,0.1735990047454834,0.3748435,0.21945836
2023-07-25,0.1721210032701492,0.35792693,0.24588582
2023-07-26,0.1737879961729049,0.30811375,0.2809975
2023-07-27,0.1721239984035492,0.2940784,0.29614905
2023-07-28,0.1746799945831298,0.29058313,0.3073121
2023-07-29,0.1811559945344925,0.30288398,0.30619538
2023-07-30,0.1804880052804947,0.3217658,0.27418494
2023-07-31,0.1796520054340362,0.3241512,0.2791352
2023-08-01,0.1853429973125457,0.32223934,0.28169766
2023-08-02,0.1868789941072464,0.33155152,0.26979333
2023-08-03,0.183564007282257,0.33246592,0.2645301
2023-08-04,0.1834660023450851,0.3296123,0.28214046
2023-08-05,0.1771779954433441,0.32958856,0.29633147
2023-08-06,0.1766870021820068,0.3133688,0.35070348
2023-08-07,0.1771499961614608,0.31049916,0.37410977
2023-08-08,0.1773629933595657,0.31620604,0.36305404
2023-08-09,0.178615003824234,0.32030654,0.37578553
2023-08-10,0.1770280003547668,0.31867343,0.35789648
2023-08-11,0.1786870062351226,0.31735793,0.3854191
2023-08-12,0.1791069954633712,0.3009729,0.36944026
2023-08-13,0.1787970066070556,0.29437512,0.38986644
2023-08-14,0.1928060054779052,0.2995774,0.39384338
2023-08-15,0.1750310063362121,0.33381286,0.31185445
2023-08-16,0.1564030051231384,0.27976543,0.39382556
2023-08-17,0.1344629973173141,0.23228972,0.4701246
2023-08-18,0.1282079964876175,0.17733617,0.55125505
2023-08-19,0.1290760040283203,0.15162644,0.59194344
2023-08-20,0.129621997475624,0.15236513,0.5886159
2023-08-21,0.1259270012378692,0.15333968,0.5921268
2023-08-22,0.1264159977436065,0.1495823,0.6097147
2023-08-23,0.1311450004577636,0.15340552,0.6047773
2023-08-24,0.1232310011982917,0.16693306,0.5927365
2023-08-25,0.1200930029153823,0.14881225,0.62198573
2023-08-26,0.1222739964723587,0.13596363,0.63947463
2023-08-27,0.1280609965324401,0.13915339,0.6472306
2023-08-28,0.1240589991211891,0.1546307,0.62187773
2023-08-29,0.1344240009784698,0.14957243,0.6310552
2023-08-30,0.1301079988479614,0.1819075,0.5861065
2023-08-31,0.124610997736454,0.17575198,0.61923707
2023-09-01,0.1222409978508949,0.16692643,0.62257016
2023-09-02,0.1231769993901252,0.15924275,0.6347173
2023-09-03,0.1201269999146461,0.16333929,0.6257374
2023-09-04,0.1248489990830421,0.15506782,0.64086986
2023-09-05,0.1298210024833679,0.17499793,0.59777755
2023-09-06,0.1260699927806854,0.18716331,0.58322227
2023-09-07,0.1291880011558532,0.17411996,0.6043053
2023-09-08,0.1269319951534271,0.19344732,0.5857477
2023-09-09,0.1267790049314499,0.19519983,0.5941771
2023-09-10,0.1214860007166862,0.19493459,0.6021611
2023-09-11,0.1136759966611862,0.19136693,0.6099481
2023-09-12,0.1123009994626045,0.177585,0.6426802
2023-09-13,0.1136870011687278,0.16806026,0.6631212
2023-09-14,0.1195259988307952,0.1698779,0.66073346
2023-09-15,0.1202379986643791,0.19134235,0.6323634
2023-09-16,0.1236269995570182,0.1947695,0.62858313
2023-09-17,0.1200480014085769,0.21434805,0.6042151
2023-09-18,0.1210250034928321,0.20746022,0.6019888
2023-09-19,0.1273500025272369,0.20499967,0.6008609
2023-09-20,0.126691997051239,0.22127993,0.5862597
2023-09-21,0.1251759976148605,0.20665957,0.5992842
2023-09-22,0.1277319937944412,0.24448851,0.5276055
2023-09-23,0.1260810047388076,0.20074749,0.604006
2023-09-24,0.1266680061817169,0.18762623,0.6150306
2023-09-25,0.1267160028219223,0.17896141,0.6191952
2023-09-26,0.1241419985890388,0.1652052,0.6289668
2023-09-27,0.1227290034294128,0.13694245,0.6595425
2023-09-28,0.125901997089386,0.121996485,0.67884004
2023-09-29,0.131069004535675,0.12369598,0.6792196
2023-09-30,0.1295209974050521,0.14367694,0.6555836
2023-10-01,0.1361870020627975,0.13127789,0.66860664
2023-10-02,0.1331779956817627,0.15376829,0.6441796
2023-10-03,0.1363350003957748,0.14118662,0.6550567
2023-10-04,0.1321000009775161,0.147734,0.6429256
2023-10-05,0.1282549947500229,0.119947255,0.6761955
2023-10-06,0.1302070021629333,0.09547243,0.7159524
2023-10-07,0.1269569993019104,0.093314216,0.7165018
2023-10-08,0.1255909949541092,0.0798294,0.74883646
2023-10-09,0.1182660013437271,0.074944556,0.76258284
2023-10-10,0.1162469983100891,0.06548792,0.79581237
2023-10-11,0.1146529987454414,0.059520535,0.8175503
2023-10-12,0.1159000024199485,0.057437606,0.8271422
2023-10-13,0.1154830008745193,0.06233757,0.8134512
2023-10-14,0.1153680011630058,0.063044675,0.815248
2023-10-15,0.1152969971299171,0.061512873,0.8229038
2023-10-16,0.1161819994449615,0.056561798,0.8428449
2023-10-17,0.1100519970059394,0.0639135,0.8238293
2023-10-18,0.1037700027227401,0.05274821,0.8714604
2023-10-19,0.1017619967460632,0.041545697,0.9237904
2023-10-20,0.1068840026855468,0.041223045,0.9303772
2023-10-21,0.1082910001277923,0.046929948,0.90826046
2023-10-22,0.1083270013332367,0.0474434,0.9016881
2023-10-23,0.1166189983487129,0.046152934,0.90609986
2023-10-24,0.157379001379013,0.062345877,0.8453389
2023-10-25,0.1540919989347458,0.25067535,0.5417587
2023-10-26,0.150854006409645,0.2593771,0.5387866
2023-10-27,0.1501020044088363,0.2394375,0.5736891
2023-10-28,0.1569489985704422,0.22635208,0.5978201
2023-10-29,0.1556099951267242,0.24963813,0.5855903
2023-10-30,0.1592810004949569,0.24246407,0.6023786
2023-10-31,0.1733669936656952,0.27075902,0.5800365
2023-11-01,0.1680230051279068,0.33241063,0.511314
2023-11-02,0.1522520035505294,0.32609108,0.5354423
2023-11-03,0.1509979963302612,0.28656065,0.59239966
2023-11-04,0.156480997800827,0.2907035,0.60496306
2023-11-05,0.1657299995422363,0.32267606,0.57965136
2023-11-06,0.1662929952144622,0.3707931,0.52596974
2023-11-07,0.1715590059757232,0.38286257,0.5089811
2023-11-08,0.175818994641304,0.40583816,0.43833995
2023-11-09,0.1654269993305206,0.4375969,0.44266126
2023-11-10,0.1673049926757812,0.42272863,0.44103706
2023-11-11,0.178189992904663,0.4336089,0.4383786
2023-11-12,0.1784760057926178,0.47400522,0.37756997
2023-11-13,0.1621730029582977,0.48918664,0.36252207
2023-11-14,0.1587949991226196,0.46797964,0.4334044
2023-11-15,0.1684429943561554,0.4660347,0.44092032
2023-11-16,0.1571680009365081,0.5006033,0.4013914
2023-11-17,0.1518989950418472,0.47976542,0.42430413
2023-11-18,0.1519429981708526,0.46808895,0.43397206
2023-11-19,0.1580709964036941,0.47950828,0.41613767
2023-11-20,0.1557780057191848,0.5116717,0.36430517
2023-11-21,0.1433420032262802,0.5262897,0.3296829
2023-11-22,0.1514060050249099,0.5125725,0.32884735
2023-11-23,0.1515499949455261,0.54178226,0.27883255
2023-11-24,0.1578029990196228,0.572684,0.25096163
2023-11-25,0.164585992693901,0.59740746,0.19617479
2023-11-26,0.1590469926595688,0.6145648,0.15644172
2023-11-27,0.1557710021734237,0.61528754,0.14076328
2023-11-28,0.1533740013837814,0.62132293,0.12698686
2023-11-29,0.1491740047931671,0.62274826,0.11740663
2023-11-30,0.1495539993047714,0.6164433,0.114987016
2023-12-01,0.1531330049037933,0.6130771,0.109489866
2023-12-02,0.167954996228218,0.6147471,0.09555802
2023-12-03,0.1655990034341812,0.62756604,0.069654346
2023-12-04,0.2209060043096542,0.61811465,0.071313664
2023-12-05,0.2113880068063736,0.66652006,0.02857503
2023-12-06,0.192451998591423,0.65857816,0.03277644
2023-12-07,0.2012829929590225,0.642762,0.039458897
2023-12-08,0.1982010006904602,0.6493799,0.033313803
2023-12-09,0.189859002828598,0.640038,0.031847607
2023-12-10,0.1922049969434738,0.6177722,0.03175063
2023-12-11,0.1744080036878585,0.6026785,0.033026285
2023-12-12,0.1757639944553375,0.5633251,0.04369621
2023-12-13,0.1851290017366409,0.56177896,0.043240186
2023-12-14,0.1902319937944412,0.58814466,0.037359808
2023-12-15,0.175473004579544,0.5988384,0.033737585
2023-12-16,0.1950879991054535,0.5851028,0.038322892
2023-12-17,0.1850640028715133,0.60167724,0.029922843
2023-12-18,0.1834529936313629,0.5903007,0.03145308
2023-12-19,0.1756750047206878,0.5849786,0.032677766
2023-12-20,0.1912820041179657,0.5688629,0.036130883
2023-12-21,0.1924750059843063,0.5796289,0.030722868
2023-12-22,0.1959259957075119,0.5782047,0.030233802
2023-12-23,0.1915699988603592,0.5816918,0.028261907
2023-12-24,0.1924149990081787,0.5764785,0.030534042
2023-12-25,0.1987909972667694,0.5901369,0.03011181
2023-12-26,0.1922979950904846,0.60349375,0.028178718
2023-12-27,0.1930779963731765,0.60280746,0.030991102
2023-12-28,0.1864179968833923,0.6097302,0.030849231
2023-12-29,0.1834930032491684,0.61188006,0.032912795
2023-12-30,0.1847500056028366,0.62248564,0.033843115
2023-12-31,0.1944810003042221,0.63327324,0.03309189
2024-01-01,0.1929740011692047,0.6523763,0.029893883
2024-01-02,0.2146099954843521,0.6562657,0.032392062
2024-01-03,0.1800159960985183,0.68184465,0.025499871
2024-01-04,0.1857309937477111,0.6418622,0.046929445
2024-01-05,0.1789440065622329,0.64757836,0.04458745
2024-01-06,0.1804189980030059,0.6489303,0.046504404
2024-01-07,0.1767349988222122,0.65681046,0.04587717
2024-01-08,0.1824900060892105,0.657026,0.048260372
2024-01-09,0.1704829931259155,0.6648744,0.04376205
2024-01-10,0.1847620010375976,0.6549443,0.050868966
2024-01-11,0.1923539936542511,0.67193353,0.04066851
2024-01-12,0.1791969984769821,0.6781165,0.037186407
2024-01-13,0.1843370050191879,0.66695684,0.04634697
2024-01-14,0.1859139949083328,0.6650693,0.048613086
2024-01-15,0.1868740022182464,0.6643468,0.04928586
2024-01-16,0.1977809965610504,0.6585852,0.052675113
2024-01-17,0.2007939964532852,0.6680524,0.04497958
2024-01-18,0.2129700034856796,0.6722767,0.041973013
2024-01-19,0.1820479929447174,0.67955095,0.033622466
2024-01-20,0.1910730004310608,0.6530975,0.043693643
2024-01-21,0.1875240057706833,0.6541467,0.040478926
2024-01-22,0.1808830052614212,0.64493346,0.04238179
2024-01-23,0.1790619939565658,0.6374391,0.04434403
2024-01-24,0.1809079945087433,0.6400275,0.045475762
2024-01-25,0.1875540018081665,0.6433183,0.046106733
2024-01-26,0.2271150052547454,0.6491473,0.044873565
2024-01-27,0.2132219970226287,0.70823747,0.029288245
2024-01-28,0.2317589968442917,0.7099777,0.031949542
2024-01-29,0.2363419979810714,0.7120011,0.028761977
2024-01-30,0.2248920053243637,0.71158224,0.028444905
2024-01-31,0.2175980061292648,0.7046262,0.031612203
2024-02-01,0.2083030045032501,0.70260066,0.03442833
2024-02-02,0.2097039967775344,0.70150006,0.038198985
2024-02-03,0.2073390036821365,0.7184249,0.034922652
2024-02-04,0.2007170021533966,0.7197006,0.036216453
2024-02-05,0.2030729949474334,0.72053766,0.039907258
2024-02-06,0.2052100002765655,0.72138685,0.040194534
2024-02-07,0.2339529991149902,0.72644484,0.039892472
2024-02-08,0.2247270047664642,0.73954654,0.03483429
2024-02-09,0.2260040044784546,0.7407402,0.037678637
2024-02-10,0.2201820015907287,0.7348402,0.039660145
2024-02-11,0.22011399269104,0.7410233,0.03931819
2024-02-12,0.2239039987325668,0.74429333,0.03842437
2024-02-13,0.2225300073623657,0.74648285,0.03818287
2024-02-14,0.2289309948682785,0.7492396,0.038865708
2024-02-15,0.2375700026750564,0.75297964,0.038591914
2024-02-16,0.2325260043144226,0.7720854,0.03150128
2024-02-17,0.2322009950876236,0.7727918,0.027941035
2024-02-18,0.2304989993572235,0.77239925,0.027295358
2024-02-19,0.2462449967861175,0.7730815,0.026376253
2024-02-20,0.2430769950151443,0.7670972,0.023561532
2024-02-21,0.2361149936914444,0.76601696,0.021666024
2024-02-22,0.2428130060434341,0.7620863,0.020683639
2024-02-23,0.2329329997301101,0.76671416,0.019662432
2024-02-24,0.2478500008583068,0.76395226,0.019690655
2024-02-25,0.2488469928503036,0.7679176,0.019239657
2024-02-26,0.2513670027256012,0.75820494,0.02037202
2024-02-27,0.2455649971961975,0.759723,0.019740362
2024-02-28,0.2682070136070251,0.75891393,0.02039213
2024-02-29,0.2574439942836761,0.75784004,0.02114315
2024-03-01,0.2722690105438232,0.75984234,0.019652884
2024-03-02,0.2864139974117279,0.75764126,0.018720496
2024-03-03,0.2886100113391876,0.7520148,0.01900016
2024-03-04,0.3105599880218506,0.7518851,0.018469645
2024-03-05,0.2737300097942352,0.742162,0.018181918
2024-03-06,0.3176530003547668,0.7379768,0.01983938
2024-03-07,0.3544470071792602,0.7411705,0.018333301
2024-03-08,0.3293699920177459,0.7389404,0.019365672
2024-03-09,0.3252530097961426,0.72900283,0.02316348
2024-03-10,0.3236219882965088,0.73000824,0.023313157
2024-03-11,0.3336310088634491,0.7174618,0.025880916
2024-03-12,0.3297179937362671,0.70279527,0.024849111
2024-03-13,0.3586860001087188,0.71013266,0.022417638
2024-03-14,0.3777599930763244,0.7097434,0.02234459
2024-03-15,0.4320409893989563,0.70002514,0.024539934
2024-03-16,0.4077079892158508,0.7039892,0.023317445
2024-03-17,0.4147779941558838,0.7052376,0.022996651
2024-03-18,0.3977949917316437,0.703083,0.024365151
2024-03-19,0.3592979907989502,0.70056987,0.025772031
2024-03-20,0.4108270108699798,0.7049644,0.027025528
2024-03-21,0.4299989938735962,0.7061245,0.026373891
2024-03-22,0.4495089948177337,0.7018486,0.027317565
2024-03-23,0.4403280019760132,0.70243937,0.027132383
2024-03-24,0.5185999870300293,0.70611036,0.027377106
2024-03-25,0.5131450295448303,0.71117413,0.02567144
2024-03-26,0.5021520256996155,0.71548116,0.025244722
2024-03-27,0.4830580055713653,0.7157878,0.025565272
2024-03-28,0.4780389964580536,0.7084061,0.026779639
2024-03-29,0.4852960109710693,0.7052383,0.026515344
2024-03-30,0.4802800118923187,0.6974791,0.027751606
2024-03-31,0.4697920083999634,0.6996163,0.027073415
2024-04-01,0.4001570045948028,0.6924467,0.028569866
2024-04-02,0.363986998796463,0.6900999,0.029721208
2024-04-03,0.3627910017967224,0.67455345,0.03186478
2024-04-04,0.3693349957466125,0.6682201,0.032609604
2024-04-05,0.3586220145225525,0.66740227,0.03148229
2024-04-06,0.361407995223999,0.6586813,0.031885378
2024-04-07,0.3609989881515503,0.6605724,0.030459575
2024-04-08,0.3731659948825836,0.65771484,0.030918235
2024-04-09,0.3328570127487182,0.6651359,0.02818886
2024-04-10,0.3431369960308075,0.6509442,0.030523913
2024-04-11,0.3535819947719574,0.65723735,0.029176285
2024-04-12,0.2641359865665436,0.6532427,0.029278751
2024-04-13,0.2160760015249252,0.61205035,0.041960232
2024-04-14,0.2501719892024994,0.5770565,0.06081248
2024-04-15,0.2451149970293045,0.58594733,0.052848246
2024-04-16,0.2370689958333969,0.5814562,0.054525763
2024-04-17,0.2315810024738311,0.5731982,0.058160804
2024-04-18,0.2287040054798126,0.56126046,0.063735634
2024-04-19,0.2324170023202896,0.55378664,0.066344045
2024-04-20,0.2577970027923584,0.5614794,0.062010463
2024-04-21,0.2475740015506744,0.5816796,0.051830314
2024-04-22,0.2521879971027374,0.5495479,0.06672801
2024-04-23,0.2536140084266662,0.55266255,0.06429903
2024-04-24,0.2430350035429,0.54749703,0.06465258
2024-04-25,0.2548699975013733,0.54280597,0.06796488
2024-04-26,0.2408909946680069,0.553169,0.065810084
2024-04-27,0.2395190000534057,0.54565763,0.068694964
2024-04-28,0.2340890020132064,0.54468685,0.071258135
2024-04-29,0.2269780039787292,0.53308755,0.07875991
2024-04-30,0.2164860069751739,0.5240981,0.081956916
2024-05-01,0.2167180031538009,0.5114908,0.08831472
2024-05-02,0.2231040000915527,0.51257557,0.08992187
2024-05-03,0.2288320064544677,0.5079821,0.092530385
2024-05-04,0.2254610061645507,0.50542325,0.085786186
2024-05-05,0.232027992606163,0.49135193,0.08496122
2024-05-06,0.2172330021858215,0.49911025,0.0754729
2024-05-07,0.2111250013113021,0.47863808,0.08858041
2024-05-08,0.2098429948091507,0.46464047,0.10588383
2024-05-09,0.217738002538681,0.45043594,0.11868266
2024-05-10,0.2082110047340393,0.44827953,0.13049391
2024-05-11,0.2091480046510696,0.4328065,0.14065064
2024-05-12,0.2092330008745193,0.42826945,0.15286627
2024-05-13,0.2074290066957473,0.4402278,0.15849617
2024-05-14,0.1965409964323043,0.44784328,0.16279797
2024-05-15,0.2096929997205734,0.42577633,0.18126744
2024-05-16,0.2172230035066604,0.43966678,0.16640967
2024-05-17,0.2226690053939819,0.44927454,0.15699525
2024-05-18,0.2278050035238266,0.46200576,0.13863924
2024-05-19,0.219990998506546,0.4722003,0.12217294
2024-05-20,0.2386080026626587,0.46308768,0.13308814
2024-05-21,0.2400220036506652,0.49082157,0.09176709
2024-05-22,0.2360720038414001,0.5034998,0.07279192
2024-05-23,0.2268330007791519,0.5044841,0.07528448
2024-05-24,0.2210839986801147,0.49266368,0.08505072
2024-05-25,0.2241010069847107,0.49710724,0.09045085
2024-05-26,0.2159810066223144,0.49969184,0.080880985
2024-05-27,0.2270479947328567,0.4854041,0.08776497
2024-05-28,0.2203149944543838,0.50050855,0.07250886
2024-05-29,0.21840800344944,0.49267542,0.08023362
2024-05-30,0.2147620022296905,0.49225038,0.08090899
2024-05-31,0.2143500000238418,0.49539766,0.09010807
2024-06-01,0.215158998966217,0.49899578,0.09116163
2024-06-02,0.2133020013570785,0.49449235,0.1012407
2024-06-03,0.2247769981622696,0.4938572,0.10299325
2024-06-04,0.2232140004634857,0.5161191,0.08085095
2024-06-05,0.2249069958925247,0.51742494,0.09372718
2024-06-06,0.2337290048599243,0.52300745,0.09127457
2024-06-07,0.204475000500679,0.5509253,0.06950835
2024-06-08,0.1921480000019073,0.47979927,0.11684471
2024-06-09,0.197174996137619,0.44583392,0.14410691
2024-06-10,0.1900070011615753,0.47384018,0.13313001
2024-06-11,0.1777009963989257,0.44340917,0.1601339
2024-06-12,0.1919669955968856,0.40431532,0.19414584
2024-06-13,0.1921920031309127,0.4519828,0.15844916
2024-06-14,0.1814499944448471,0.43652827,0.2104584
2024-06-15,0.1873439997434616,0.41288167,0.22837488
2024-06-16,0.191333994269371,0.4306384,0.20509344
2024-06-17,0.1778579950332641,0.44067982,0.19062307
2024-06-18,0.1456000059843063,0.40841964,0.22549051
2024-06-19,0.1450559943914413,0.3238224,0.28891382
2024-06-20,0.1449140012264251,0.31505084,0.31146392
2024-06-21,0.1459079980850219,0.31526363,0.3019916
2024-06-22,0.1455810070037841,0.3264141,0.269278
2024-06-23,0.1489430069923401,0.32538828,0.2664985
2024-06-24,0.1553719937801361,0.34197983,0.23944563
2024-06-25,0.1583119928836822,0.36723182,0.19619977
2024-06-26,0.1557549983263015,0.37535357,0.17377777
2024-06-27,0.1723819971084594,0.37787762,0.17512265
2024-06-28,0.1635950058698654,0.41936803,0.13690364
2024-06-29,0.1567540019750595,0.402239,0.16396447
2024-06-30,0.1611090004444122,0.37611654,0.19314623
2024-07-01,0.1697330027818679,0.39522254,0.1890888
2024-07-02,0.1737349927425384,0.42447537,0.15953107
2024-07-03,0.1580040007829666,0.4412,0.15051539
2024-07-04,0.128044992685318,0.40036625,0.18759672
2024-07-05,0.1197730004787445,0.31879598,0.26734224
2024-07-06,0.1335970014333725,0.30201936,0.2867943
2024-07-07,0.1254210025072097,0.3258019,0.26646462
2024-07-08,0.1300989985466003,0.31312874,0.2964799
2024-07-09,0.1398259997367859,0.32087928,0.29137436
2024-07-10,0.1421180069446563,0.3401441,0.27514982
2024-07-11,0.1407379955053329,0.3454797,0.26966864
2024-07-12,0.1423619985580444,0.34267923,0.25580555
2024-07-13,0.1452140063047409,0.3441455,0.24221061
2024-07-14,0.1571139991283416,0.34869608,0.2514417
2024-07-15,0.172446995973587,0.37909204,0.21621278
2024-07-16,0.1763509958982467,0.41880187,0.18789755
2024-07-17,0.1723340004682541,0.4303962,0.1971284
2024-07-18,0.1703729927539825,0.42217955,0.20225522
2024-07-19,0.1741759926080703,0.43050095,0.19940156
2024-07-20,0.1722770035266876,0.43607312,0.19325809
2024-07-21,0.1723539978265762,0.42652634,0.21732834
2024-07-22,0.1667529940605163,0.4238767,0.22608599
2024-07-23,0.1564880013465881,0.4038844,0.25909743
2024-07-24,0.1567690074443817,0.3720738,0.31375918
2024-07-25,0.1467200070619583,0.36813954,0.33709264
2024-07-26,0.1757919937372207,0.3387518,0.3746107
2024-07-27,0.1767430007457733,0.40946022,0.3033243
2024-07-28,0.1725340038537979,0.4152029,0.30447575
2024-07-29,0.16388900578022,0.3978186,0.32546407
2024-07-30,0.1654130071401596,0.37298816,0.36216244
2024-07-31,0.167150005698204,0.38172665,0.3328244
2024-08-01,0.1568599939346313,0.38317353,0.3153254
2024-08-02,0.1381189972162246,0.35016227,0.33760262
2024-08-03,0.131631001830101,0.28886157,0.4291813
2024-08-04,0.1264840066432953,0.26424348,0.42683986
2024-08-05,0.1173700019717216,0.24706358,0.4411395
2024-08-06,0.1208510026335716,0.24224016,0.43616855
2024-08-07,0.115385003387928,0.21486878,0.4551799
2024-08-08,0.1383299976587295,0.1797901,0.5093442
2024-08-09,0.1407530009746551,0.21821983,0.43020952
2024-08-10,0.1401489973068237,0.23864773,0.44235212
2024-08-11,0.129939004778862,0.24354167,0.4315649
2024-08-12,0.1361410021781921,0.22597685,0.4578049
2024-08-13,0.1384180039167404,0.25662163,0.40118262
2024-08-14,0.1361699998378753,0.26281622,0.4047008
2024-08-15,0.1321219950914383,0.2533859,0.41656968
2024-08-16,0.1288029998540878,0.23458517,0.46233124
2024-08-17,0.1295689940452575,0.23542838,0.4781048
2024-08-18,0.1327459961175918,0.24901666,0.48095205
2024-08-19,0.1361220031976699,0.2681647,0.46695712
2024-08-20,0.1406649947166443,0.28132355,0.44863904
2024-08-21,0.1460479944944381,0.29777122,0.4344207
2024-08-22,0.1476880013942718,0.32947406,0.38334534
2024-08-23,0.159853994846344,0.34760767,0.39113492
2024-08-24,0.16075000166893,0.39757136,0.320419
2024-08-25,0.1567900031805038,0.40828574,0.3445699
2024-08-26,0.1456789970397949,0.38397676,0.3883613
2024-08-27,0.1366090029478073,0.34622443,0.45524716
2024-08-28,0.1306769996881485,0.32007298,0.49455988
2024-08-29,0.1365309953689575,0.31270298,0.49735096
2024-08-30,0.1348980069160461,0.32752037,0.48980373
2024-08-31,0.1323589980602264,0.31568822,0.5311307
2024-09-01,0.1225859969854354,0.30858043,0.556116
2024-09-02,0.1320119947195053,0.29054433,0.5755159
2024-09-03,0.1247590035200119,0.33137935,0.524333
2024-09-04,0.1318230032920837,0.32358173,0.553166
2024-09-05,0.1292909979820251,0.37237316,0.4858036
2024-09-06,0.1239179968833923,0.36514446,0.5301597
2024-09-07,0.1269250065088272,0.36721358,0.536752
2024-09-08,0.129607006907463,0.3769547,0.5453348
2024-09-09,0.1387989968061447,0.39187977,0.5231864
2024-09-10,0.1398680061101913,0.41677684,0.47790495
2024-09-11,0.1378899961709976,0.42777443,0.45014757
2024-09-12,0.1440189927816391,0.42041695,0.466714
2024-09-13,0.1451810002326965,0.4351054,0.44186383
2024-09-14,0.1408980041742324,0.45167872,0.40955025
2024-09-15,0.1344690024852752,0.44830626,0.42568117
2024-09-16,0.1331969946622848,0.44476107,0.42221195
2024-09-17,0.1411519944667816,0.4481569,0.41442832
2024-09-18,0.1449140012264251,0.46844712,0.37698856
2024-09-19,0.1475020051002502,0.47263294,0.38604727
2024-09-20,0.1481260061264038,0.47503066,0.39823106
2024-09-21,0.1501419991254806,0.48166776,0.40767127
2024-09-22,0.1453509926795959,0.4908318,0.3971514
2024-09-23,0.1498329937458038,0.48183197,0.42150018
2024-09-24,0.1691049933433532,0.49722585,0.39520615
2024-09-25,0.1562149971723556,0.5413614,0.30373594
2024-09-26,0.1720300018787384,0.5127679,0.3448224
2024-09-27,0.184810996055603,0.54497015,0.28883424
2024-09-28,0.1817300021648407,0.5561209,0.28157982
2024-09-29,0.1824620068073272,0.545358,0.30266064
2024-09-30,0.1774210035800933,0.545669,0.30779082
2024-10-01,0.1589110046625137,0.530355,0.3558776
2024-10-02,0.1750829964876175,0.48487303,0.4352249
2024-10-03,0.1624950021505355,0.52007836,0.37569928
2024-10-04,0.1719470024108886,0.49784994,0.4093025
2024-10-05,0.1716749966144561,0.5279307,0.35817954
2024-10-06,0.183228000998497,0.5397729,0.34202015
2024-10-07,0.1948599964380264,0.5573333,0.30474758
2024-10-08,0.1805800050497055,0.5741284,0.25951797
2024-10-09,0.1736530065536499,0.56129605,0.26847777
2024-10-10,0.1670140027999878,0.5680074,0.25402042
2024-10-11,0.173662006855011,0.57681865,0.22516005
2024-10-12,0.1721709966659546,0.5934274,0.19055909
2024-10-13,0.1682299971580505,0.593459,0.18065254
2024-10-14,0.1817950010299682,0.5921887,0.17355382
2024-10-15,0.1708579957485199,0.6047996,0.16483852
2024-10-16,0.1657170057296753,0.6020893,0.16590717
2024-10-17,0.1556500047445297,0.60181785,0.1681279
2024-10-18,0.1626259982585907,0.5998069,0.17484012
2024-10-19,0.1618050038814544,0.60806656,0.1708001
2024-10-20,0.1677799969911575,0.61197346,0.15816174
2024-10-21,0.1578589975833892,0.62343824,0.16226661
2024-10-22,0.1588159948587417,0.6145026,0.17439485
2024-10-23,0.1504530012607574,0.6217235,0.17233655
2024-10-24,0.1544239968061447,0.6081719,0.16057177
2024-10-25,0.1355929970741272,0.6204891,0.15077527
2024-10-26,0.1399199962615966,0.597165,0.175492
2024-10-27,0.1441610008478164,0.60791373,0.16680014
2024-10-28,0.1442350000143051,0.61856496,0.16380855
2024-10-29,0.1556300073862075,0.6267789,0.15875006
2024-10-30,0.151526004076004,0.6523939,0.13192533
2024-10-31,0.1433670073747635,0.6497313,0.123659015
2024-11-01,0.1398839950561523,0.6373633,0.13153218
2024-11-02,0.1375519931316375,0.6145475,0.18450552
2024-11-03,0.1347460001707077,0.603283,0.18831986
2024-11-04,0.1255190074443817,0.58490396,0.2022248
2024-11-05,0.1382839977741241,0.5616878,0.21003921
2024-11-06,0.1522960066795349,0.5854631,0.17717959
2024-11-07,0.1514749974012375,0.6241753,0.12674835
2024-11-08,0.1533589959144592,0.6237579,0.10812247
2024-11-09,0.1617140024900436,0.6332273,0.098783985
2024-11-10,0.1649399995803833,0.6447342,0.08174724
2024-11-11,0.1730149984359741,0.6435759,0.08478066
2024-11-12,0.1622779965400695,0.65610117,0.072072506
2024-11-13,0.1535699963569641,0.6432468,0.08704552
2024-11-14,0.1425179988145828,0.6201967,0.09850039
2024-11-15,0.1492549926042556,0.58961844,0.11293694
2024-11-16,0.160191997885704,0.6017196,0.10263034
2024-11-17,0.1515460014343261,0.6208961,0.08944623
2024-11-18,0.1595540046691894,0.6020324,0.091516785
2024-11-19,0.1524699926376342,0.6176332,0.077267155
2024-11-20,0.1399800032377243,0.6093875,0.083135664
2024-11-21,0.1583729982376098,0.58946675,0.104781486
2024-11-22,0.161654993891716,0.6299706,0.07674314
2024-11-23,0.1800079941749572,0.62717366,0.07771396
2024-11-24,0.184922993183136,0.6521696,0.055593558
2024-11-25,0.1775269955396652,0.65226865,0.049919125
2024-11-26,0.1733079999685287,0.633115,0.059179246
2024-11-27,0.1871770024299621,0.62447333,0.06711985
2024-11-28,0.190429002046585,0.65200007,0.05313849
2024-11-29,0.1997700035572052,0.650966,0.053150974
2024-11-30,0.2126259952783584,0.65809065,0.049146514
2024-12-01,0.2282360047101974,0.6619139,0.04933637
2024-12-02,0.2280589938163757,0.6749741,0.044031832
2024-12-03,0.2585459947586059,0.6712881,0.04785804
2024-12-04,0.244718998670578,0.68441457,0.03617014
2024-12-05,0.2476940006017685,0.67381823,0.042407688
2024-12-06,0.249441996216774,0.6706783,0.045100942
2024-12-07,0.2532269954681396,0.66976327,0.046730254
2024-12-08,0.2542429864406585,0.6757799,0.04726007
2024-12-09,0.2031639963388443,0.68333185,0.04743697
2024-12-10,0.1986979991197586,0.634447,0.07966107
2024-12-11,0.2145629972219467,0.6264146,0.08627161
2024-12-12,0.2190150022506714,0.6511875,0.06944019
2024-12-13,0.2159750014543533,0.66202724,0.06119795
2024-12-14,0.2058970034122467,0.6655631,0.061665937
2024-12-15,0.2112099975347519,0.6617364,0.06873361
2024-12-16,0.2050050050020218,0.68052375,0.0581938
2024-12-17,0.191112995147705,0.6853908,0.05664543
2024-12-18,0.1767629981040954,0.6648595,0.06576129
2024-12-19,0.1587419956922531,0.6449786,0.07236041
2024-12-20,0.1649319976568222,0.61536837,0.07888517
2024-12-21,0.1557299941778183,0.62873346,0.07102772
2024-12-22,0.1526859998703003,0.60842115,0.070685126
2024-12-23,0.163100004196167,0.60658973,0.06785156
2024-12-24,0.1698739975690841,0.6386051,0.053848803
2024-12-25,0.166142001748085,0.6553764,0.045867972
2024-12-26,0.1571359932422638,0.6575312,0.044825237
2024-12-27,0.1609960049390792,0.6513456,0.044420265
2024-12-28,0.1669729948043823,0.66188127,0.041146386
2024-12-29,0.1577939987182617,0.6806321,0.035477836
2024-12-30,0.1580259948968887,0.6706228,0.036021955
2024-12-31,0.156136006116867,0.68228906,0.030820705
2025-01-01,0.1630630046129226,0.68873256,0.027668761
2025-01-02,0.1661709994077682,0.7092333,0.022059636
2025-01-03,0.1745699942111969,0.71513647,0.024241935
2025-01-04,0.1772959977388382,0.7290277,0.022942342
2025-01-05,0.1794999986886978,0.7339672,0.024310868
2025-01-06,0.1776870042085647,0.7362911,0.024839781
2025-01-07,0.157831996679306,0.72600585,0.027362771
2025-01-08,0.1492390036582946,0.6913909,0.034441043
2025-01-09,0.1455309987068176,0.67872393,0.040606976
2025-01-10,0.1481190025806427,0.6646303,0.044918682
2025-01-11,0.1475179940462112,0.6617162,0.04999667
2025-01-12,0.1450230032205581,0.6417698,0.058494415
2025-01-13,0.1419299989938736,0.63417065,0.057112817
2025-01-14,0.1498969942331314,0.6182076,0.05749452
2025-01-15,0.1586730033159256,0.62333673,0.054083064
2025-01-16,0.1679259985685348,0.627209,0.051178183
2025-01-17,0.177154004573822,0.6418752,0.046403274
2025-01-18,0.1693190038204193,0.6477688,0.044744343
2025-01-19,0.1492329984903335,0.63563937,0.047134764
2025-01-20,0.1596859991550445,0.57400525,0.05929172
2025-01-21,0.157377004623413,0.5953531,0.05099372
2025-01-22,0.1517010033130645,0.57407546,0.051634386
2025-01-23,0.1512220054864883,0.54329467,0.056476474
2025-01-24,0.1484429985284805,0.5283252,0.052587036
2025-01-25,0.1498820036649704,0.5145915,0.052380193
2025-01-26,0.1498589962720871,0.52440774,0.045065477
2025-01-27,0.1609220057725906,0.52336484,0.044276267
2025-01-28,0.1416119933128357,0.56093484,0.044785805
2025-01-29,0.1519860029220581,0.50320643,0.054478046
2025-01-30,0.155811995267868,0.52574277,0.046775978
2025-01-31,0.1593730002641677,0.5259071,0.046625666
2025-02-01,0.1466439962387085,0.5268713,0.044470143
2025-02-02,0.1275269985198974,0.49061075,0.05048032
2025-02-03,0.1216989979147911,0.4266066,0.07116757
2025-02-04,0.1101849973201751,0.4037896,0.09683063
2025-02-05,0.112807996571064,0.3627891,0.1288581
2025-02-06,0.1067420020699501,0.36238262,0.14343108
2025-02-07,0.1084550023078918,0.34598657,0.17198442
2025-02-08,0.108983002603054,0.35310695,0.18702053
2025-02-09,0.1105709969997406,0.3568387,0.20679036
2025-02-10,0.116516001522541,0.36546314,0.21324895
2025-02-11,0.1146169975399971,0.38018808,0.21429707
2025-02-12,0.1193180009722709,0.3837727,0.22765414
2025-02-13,0.1180130019783973,0.39810926,0.23529683
2025-02-14,0.1207439973950386,0.3962823,0.24390373
2025-02-15,0.1185209974646568,0.4064975,0.23052531
2025-02-16,0.1201429963111877,0.40847486,0.2359637
2025-02-17,0.1189540028572082,0.42760488,0.21784256
2025-02-18,0.1123590022325515,0.4390997,0.22524746
2025-02-19,0.1143840029835701,0.4388947,0.22014369
2025-02-20,0.1186880022287368,0.45520875,0.24990448
2025-02-21,0.1173510029911995,0.47558144,0.23357388
2025-02-22,0.1220320016145706,0.46359056,0.23923661
2025-02-23,0.1217729970812797,0.4738401,0.22960335
2025-02-24,0.1110849976539611,0.46076012,0.22763264
2025-02-25,0.1136910021305084,0.40765125,0.2628313
2025-02-26,0.1156129986047744,0.40242773,0.22623968
2025-02-27,0.115507997572422,0.39069864,0.2958513
2025-02-28,0.1123970001935958,0.38127178,0.28920263
2025-03-01,0.1116119995713234,0.35245743,0.31705704
2025-03-02,0.1226129978895187,0.34838352,0.35239977
2025-03-03,0.102742001414299,0.36934677,0.29008734
2025-03-04,0.098531998693943,0.2899532,0.39676255
2025-03-05,0.1027500033378601,0.25713518,0.4157238
2025-03-06,0.1001439988613128,0.2813693,0.42073548
2025-03-07,0.0994940027594566,0.26991448,0.43204066
2025-03-08,0.0979899987578392,0.26717982,0.4200336
2025-03-09,0.080995999276638,0.2678357,0.4365425
2025-03-10,0.0728380009531974,0.21804613,0.5012057
2025-03-11,0.0773110017180442,0.19366969,0.51924604
2025-03-12,0.0806889981031417,0.20829996,0.48824468
2025-03-13,0.0801289975643158,0.2285953,0.48763838
2025-03-14,0.0832699984312057,0.23611705,0.47453544
2025-03-15,0.0869060009717941,0.25321192,0.44922787
2025-03-16,0.0832019969820976,0.28118894,0.4251586
2025-03-17,0.0878600031137466,0.26400003,0.42630842
2025-03-18,0.0902139991521835,0.28002244,0.39168903
2025-03-19,0.0913430005311966,0.28653947,0.38884127
2025-03-20,0.088638000190258,0.28572103,0.38206652
2025-03-21,0.0865959972143173,0.28213096,0.41025978
2025-03-22,0.0909579992294311,0.27135035,0.41614524
2025-03-23,0.0892160013318061,0.29066277,0.40932116
2025-03-24,0.092579998075962,0.2930014,0.4050067
2025-03-25,0.0947410017251968,0.31439468,0.38408154
2025-03-26,0.0931629985570907,0.3222885,0.38447723
2025-03-27,0.091678999364376,0.30862352,0.40495145
2025-03-28,0.085656002163887,0.2965596,0.431788
2025-03-29,0.0784360021352768,0.2594012,0.47931665
2025-03-30,0.0792419984936714,0.21914203,0.539063
2025-03-31,0.0797619968652725,0.21811421,0.545518
2025-04-01,0.0823170021176338,0.2008362,0.5442096
2025-04-02,0.0803090035915374,0.20700936,0.5384009
2025-04-03,0.0809630006551742,0.1965115,0.50478524
2025-04-04,0.0809120014309883,0.19818734,0.5148122
2025-04-05,0.0824949964880943,0.20617653,0.5115014
2025-04-06,0.0710349977016449,0.22855538,0.5330222
2025-04-07,0.0697859972715377,0.18947066,0.58163184
2025-04-08,0.065140001475811,0.19229797,0.53195405
2025-04-09,0.0738070011138916,0.17632897,0.59829724
2025-04-10,0.0700180009007453,0.21191373,0.50383526
2025-04-11,0.0715439990162849,0.21179126,0.5517546
2025-04-12,0.0745669975876808,0.20511842,0.55077034
2025-04-13,0.069762997329235,0.22891212,0.5484497
2025-04-14,0.0693949982523918,0.20533875,0.55836403
2025-04-15,0.0673459991812706,0.1848914,0.55014306
2025-04-16,0.0644830018281936,0.17823449,0.55771583
2025-04-17,0.0644360035657882,0.16141394,0.55945486
2025-04-18,0.0677680000662803,0.16031292,0.55932367
2025-04-19,0.069810003042221,0.17481677,0.5453706
2025-04-20,0.071610003709793,0.18252304,0.5265707
2025-04-21,0.0725940018892288,0.20040977,0.49988928
2025-04-22,0.0767780020833015,0.21423875,0.4817832
2025-04-23,0.0786809995770454,0.23896515,0.45210218
2025-04-24,0.0800269991159439,0.254853,0.45274487
2025-04-25,0.080044001340866,0.2627578,0.4487614
2025-04-26,0.0802090018987655,0.2698969,0.4501853
2025-04-27,0.0766960009932518,0.26965398,0.4826687
2025-04-28,0.0815809965133667,0.24053699,0.51766264
2025-04-29,0.0809729993343353,0.2542981,0.47855175
2025-04-30,0.0794159993529319,0.24547401,0.4862243
2025-05-01,0.0804409980773925,0.23494148,0.49852574
2025-05-02,0.0790060013532638,0.23823708,0.5060347
2025-05-03,0.0736519992351532,0.24232005,0.51623183
2025-05-04,0.0722260028123855,0.22312148,0.5538815
2025-05-05,0.0719100013375282,0.21904416,0.5686024
2025-05-06,0.0721279978752136,0.20773408,0.58122873
2025-05-07,0.0723169967532157,0.20968416,0.56381077
2025-05-08,0.0857599973678588,0.22202975,0.5567688
2025-05-09,0.0888909995555877,0.31533772,0.43034464
2025-05-10,0.1041790023446083,0.35944375,0.41260272
2025-05-11,0.097799003124237,0.45808798,0.24932015
2025-05-12,0.0985710024833679,0.4285802,0.2894928
2025-05-13,0.1023899987339973,0.43563476,0.282937
2025-05-14,0.0978949964046478,0.45143265,0.2452191
2025-05-15,0.0907389968633651,0.43339697,0.28110805
2025-05-16,0.0885810032486915,0.39448556,0.33556712
2025-05-17,0.0865980014204979,0.39174545,0.33735117
2025-05-18,0.0915979966521263,0.39152363,0.34239554
2025-05-19,0.0887520015239715,0.42683306,0.2931327
2025-05-20,0.09060800075531,0.42538446,0.28791642
2025-05-21,0.0944020003080368,0.44430235,0.25471407
2025-05-22,0.0989620015025138,0.473876,0.2149118
2025-05-23,0.0894400030374527,0.49860173,0.18045157
2025-05-24,0.0868579968810081,0.4726036,0.21467176
2025-05-25,0.0873909965157508,0.46015778,0.20647182
2025-05-26,0.0863839983940124,0.46554077,0.20662284
2025-05-27,0.0893270000815391,0.46344692,0.20667566
2025-05-28,0.0886709988117218,0.4751323,0.18299285
2025-05-29,0.0847859978675842,0.46431217,0.19469017
2025-05-30,0.0747599974274635,0.44847143,0.21468368
2025-05-31,0.0765770003199577,0.41716278,0.23910081
2025-06-01,0.0771920010447502,0.42299977,0.22537193
2025-06-02,0.0789489969611167,0.43471238,0.23055561
2025-06-03,0.0786420032382011,0.45222795,0.22062643
2025-06-04,0.0760719999670982,0.45458874,0.21698807
2025-06-05,0.0711459964513778,0.44777042,0.22313157
2025-06-06,0.0812930017709732,0.4319586,0.23434249
2025-06-07,0.0822630003094673,0.48501813,0.15374617
2025-06-08,0.0818919986486435,0.49020594,0.15819167
2025-06-09,0.0864209979772567,0.48999703,0.17045917
2025-06-10,0.0868740007281303,0.50566906,0.16223699
2025-06-11,0.0822490006685257,0.50944805,0.15544489
2025-06-12,0.0780609995126724,0.49867985,0.15911686
2025-06-13,0.075652003288269,0.48743477,0.16236381
2025-06-14,0.0741280019283294,0.48320037,0.15933754
2025-06-15,0.0742639973759651,0.47793642,0.17420922
2025-06-16,0.0753199979662895,0.47772998,0.175147
2025-06-17,0.0730459988117218,0.47993982,0.17607845
2025-06-18,0.0731889978051185,0.47189248,0.1899735
2025-06-19,0.0727050006389617,0.48301014,0.17395608
2025-06-20,0.0708350017666816,0.48424023,0.17967883
2025-06-21,0.0665140002965927,0.47409433,0.19109918
2025-06-22,0.0635650008916854,0.4652683,0.19533889
2025-06-23,0.0696090012788772,0.46618575,0.18312445
2025-06-24,0.0721760019659996,0.48440546,0.16053413
2025-06-25,0.0702340006828308,0.4953357,0.15310946
2025-06-26,0.0703430026769638,0.49403822,0.1570012
2025-06-27,0.0712670013308525,0.49478462,0.16662683
2025-06-28,0.0726339966058731,0.49654904,0.16288525
2025-06-29,0.0767590031027793,0.5021326,0.16581796
2025-06-30,0.0747589990496635,0.51763654,0.15549189
2025-07-01,0.0728039965033531,0.5072102,0.16310184
2025-07-02,0.0770390033721923,0.50586367,0.16645464
2025-07-03,0.0766849964857101,0.5146821,0.15597843
2025-07-04,0.0722530037164688,0.5125761,0.16578496
2025-07-05,0.0715629979968071,0.49811682,0.18225704
2025-07-06,0.0742079988121986,0.49687687,0.1856081
2025-07-07,0.0737069994211196,0.5015979,0.19937101
2025-07-08,0.0754429996013641,0.4950598,0.2251208
2025-07-09,0.0782359987497329,0.5013299,0.2112207
2025-07-10,0.0914750024676323,0.51254565,0.20052038
2025-07-11,0.0986709967255592,0.56234324,0.13987406
2025-07-12,0.0964270010590553,0.583837,0.11860642
2025-07-13,0.102741003036499,0.575023,0.13365412
2025-07-14,0.1016469970345497,0.5870796,0.11787362
2025-07-15,0.1034009978175163,0.5842888,0.12291174
2025-07-16,0.100331999361515,0.58943087,0.122863635
2025-07-17,0.1023780032992363,0.57999754,0.1364702
2025-07-18,0.1038379967212677,0.57844466,0.13853697
2025-07-19,0.1060670018196106,0.5841943,0.13827328
2025-07-20,0.2218199968338012,0.58485466,0.12698227
2025-07-21,0.2192409932613372,0.6702006,0.036492843
2025-07-22,0.1754419952630996,0.6649616,0.03967989
2025-07-23,0.1702249944210052,0.65601635,0.038853377
2025-07-24,0.1731709986925125,0.6588337,0.03289973
2025-07-25,0.1878010034561157,0.6604734,0.02785329
2025-07-26,0.1846420019865036,0.67228913,0.02270394
2025-07-27,0.1871750056743621,0.6691499,0.020993322
2025-07-28,0.1944620013236999,0.656789,0.018238708
2025-07-29,0.2073889970779419,0.65785885,0.016543383
2025-07-30,0.229653000831604,0.6591099,0.015026099
2025-07-31,0.2149930000305175,0.67531115,0.012246148
2025-08-01,0.1936029940843582,0.66619056,0.012193668
2025-08-02,0.1878959983587265,0.64464146,0.012736688
2025-08-03,0.2174050062894821,0.633829,0.012702491
2025-08-04,0.2128089964389801,0.6552622,0.010736626
2025-08-05,0.2033459991216659,0.64579874,0.0111829275
2025-08-06,0.2201199978590011,0.6302526,0.011650869
2025-08-07,0.224258005619049,0.6331982,0.010823271
2025-08-08,0.2155829966068267,0.63102025,0.01031949
2025-08-09,0.209414005279541,0.6172331,0.010988093
2025-08-10,0.208416998386383,0.63342243,0.010741576
2025-08-11,0.1973610073328018,0.6360804,0.011187063
2025-08-12,0.197729006409645,0.6280173,0.012052979
2025-08-13,0.1994439959526062,0.6325344,0.012054312
2025-08-14,0.1784069985151291,0.63853323,0.011953622
2025-08-15,0.1782470047473907,0.6222366,0.013504595
2025-08-16,0.1785089969635009,0.6215482,0.013955309
2025-08-17,0.1758610010147094,0.62025285,0.01467242
2025-08-18,0.1735029965639114,0.6161112,0.015837368
2025-08-19,0.1646119952201843,0.6164482,0.0164872
2025-08-20,0.1851239949464798,0.61246955,0.016912827
2025-08-21,0.1748449951410293,0.63643265,0.0144235715
2025-08-22,0.189752995967865,0.6343717,0.014627095
2025-08-23,0.1881079971790313,0.64791566,0.013462511
2025-08-24,0.1825049966573715,0.6481557,0.013750459
2025-08-25,0.1705889999866485,0.64480394,0.0141583625
2025-08-26,0.1755059957504272,0.6377479,0.014920514
2025-08-27,0.1707769930362701,0.64614683,0.014552029
2025-08-28,0.1948419958353042,0.6440596,0.014937603
2025-08-29,0.1787019968032837,0.6677318,0.01319163
2025-08-30,0.1971949934959411,0.6539751,0.01417609
2025-08-31,0.190202996134758,0.67246073,0.013175476
2025-09-01,0.1762740015983581,0.66991556,0.0137500055
2025-09-02,0.1763869971036911,0.65931153,0.014571557
2025-09-03,0.1771019995212555,0.6546025,0.014998142
2025-09-04,0.1691790074110031,0.6535665,0.015261665
2025-09-05,0.1700100004673004,0.6393717,0.01639152
2025-09-06,0.1718389987945556,0.6340586,0.016945746
2025-09-07,0.1719499975442886,0.62972736,0.017564973
2025-09-08,0.1722660064697265,0.62697196,0.017760191
2025-09-09,0.1716279983520507,0.63148355,0.01554046
2025-09-10,0.1788920015096664,0.6257696,0.015272383
2025-09-11,0.1805790066719055,0.6318049,0.014304176
2025-09-12,0.1827699989080429,0.63093525,0.014314144
2025-09-13,0.185137003660202,0.6299166,0.013908968
2025-09-14,0.1748750060796737,0.62792003,0.013664244
2025-09-15,0.1793619990348816,0.61498165,0.014827079
2025-09-16,0.1815869957208633,0.6194084,0.014322234
2025-09-17,0.1839240044355392,0.62056,0.013922959
2025-09-18,0.1859830021858215,0.61821413,0.013642012
2025-09-19,0.1764570027589798,0.62162757,0.013131339
2025-09-20,0.1755100041627884,0.6091908,0.014188784
2025-09-21,0.1716289967298507,0.60773844,0.013849488
2025-09-22,0.1492999941110611,0.59950083,0.014419675
2025-09-23,0.1467379927635193,0.5479885,0.021517115
2025-09-24,0.1459340006113052,0.54089975,0.0211882
2025-09-25,0.1374569982290268,0.52928996,0.021863883
2025-09-26,0.1454370021820068,0.49929094,0.027219247
2025-09-27,0.1431490033864975,0.50878674,0.024577253
2025-09-28,0.1453920006752014,0.49478894,0.026750127
2025-09-29,0.1447020024061203,0.49855003,0.02672609
2025-09-30,0.143436998128891,0.49050394,0.031068116
2025-10-01,0.1490360051393509,0.47506776,0.034832936
2025-10-02,0.1506599932909011,0.48639786,0.03311515
2025-10-03,0.1490319967269897,0.49146238,0.031600114
2025-10-04,0.1448770016431808,0.47367212,0.036438182
2025-10-05,0.1446990072727203,0.4583513,0.038965933
2025-10-06,0.1493290066719055,0.45302275,0.04101975
2025-10-07,0.1391510069370269,0.45932952,0.038695093
2025-10-08,0.1490180045366287,0.4255007,0.04673
2025-10-09,0.1384540051221847,0.44132933,0.04338878
2025-10-10,0.0976409986615181,0.41886202,0.048781928
2025-10-11,0.0999379977583885,0.27245542,0.113969184
2025-10-12,0.1123460009694099,0.27367523,0.10379761
2025-10-13,0.1247460022568702,0.32331848,0.07672154
2025-10-14,0.1165819987654686,0.3742365,0.058850765
2025-10-15,0.1128259971737861,0.3496466,0.06692481
2025-10-16,0.1076499968767166,0.33117113,0.0757819
2025-10-17,0.1071650013327598,0.305399,0.088357724
2025-10-18,0.1111849993467331,0.3095735,0.08913314
2025-10-19,0.1121769994497299,0.30961987,0.10571427
2025-10-20,0.1126789972186088,0.3123376,0.114571
2025-10-21,0.1092280000448226,0.32010165,0.120093726
2025-10-22,0.1061939969658851,0.31610546,0.13392574
2025-10-23,0.1088009998202323,0.30909815,0.14604951
2025-10-24,0.1119939982891082,0.3270817,0.14792234
2025-10-25,0.1107499971985817,0.34736052,0.14255774
2025-10-26,0.1155740022659301,0.34797576,0.15913281
2025-10-27,0.1154489964246749,0.3653139,0.15498531
2025-10-28,0.1110709980130195,0.35876626,0.16226631
2025-10-29,0.1083950027823448,0.33904,0.17283715
2025-10-30,0.1009460017085075,0.33725628,0.1713059
2025-10-31,0.1014169976115226,0.30507937,0.19229698
2025-11-01,0.1037670001387596,0.30711135,0.19991116
2025-11-02,0.1031000018119812,0.31747752,0.20750268
2025-11-03,0.0898469984531402,0.31506518,0.22603574
2025-11-04,0.0878179967403411,0.2589348,0.2795037
2025-11-05,0.0909769982099533,0.24064957,0.29162714
2025-11-06,0.0883790031075477,0.2555517,0.27269226
2025-11-07,0.1046359986066818,0.25326213,0.27853596
2025-11-08,0.1038850024342536,0.31670606,0.19752727
2025-11-09,0.0989300012588501,0.32937527,0.18486932
2025-11-10,0.1023230031132698,0.34567633,0.19637042
2025-11-11,0.0997200012207031,0.3749394,0.16434678
2025-11-12,0.0955400019884109,0.30734557,0.15829627
2025-11-13,0.0904019996523857,0.31192335,0.18462248
2025-11-14,0.0859579965472221,0.29518947,0.20702156
2025-11-15,0.0881799980998039,0.2706913,0.23362057
2025-11-16,0.0859630033373832,0.27684584,0.21922329
2025-11-17,0.0859550014138221,0.2645876,0.22373153
2025-11-18,0.0908380001783371,0.26536065,0.21956764
2025-11-19,0.089147999882698,0.29494515,0.19041234
2025-11-20,0.0866610035300254,0.30098832,0.18735325
2025-11-21,0.0813800022006034,0.3012451,0.1987134
2025-11-22,0.0814559981226921,0.27791497,0.22139405
2025-11-23,0.0801040008664131,0.2918532,0.22250615
2025-11-24,0.0826560035347938,0.29412684,0.22243485
2025-11-25,0.083186998963356,0.31188035,0.21189006
2025-11-26,0.0833140015602111,0.32427877,0.22591595
2025-11-27,0.0838299989700317,0.31941667,0.23656827
2025-11-28,0.0827509984374046,0.31794176,0.24282272
2025-11-29,0.0802199989557266,0.30395368,0.2543132
2025-11-30,0.0783360004425048,0.2846946,0.26745924
2025-12-01,0.0706359967589378,0.27605492,0.26758444
2025-12-02,0.0741819962859153,0.23861398,0.3007587
2025-12-03,0.0777250006794929,0.26127446,0.2994183
2025-12-04,0.074972003698349,0.2763985,0.30005348
2025-12-05,0.0706550031900405,0.25475273,0.3529255
2025-12-06,0.0722739994525909,0.21968089,0.4093436
2025-12-07,0.0709009990096092,0.21438226,0.4358212
2025-12-08,0.0732600018382072,0.19783974,0.44985655
2025-12-09,0.0770310014486312,0.20637847,0.4341419
2025-12-10,0.0741109997034072,0.21844542,0.4036923
2025-12-11,0.0725539997220039,0.20713386,0.42459896
2025-12-12,0.0709770023822784,0.199596,0.42742836
2025-12-13,0.075484998524189,0.19478273,0.4168145
2025-12-14,0.0729079991579055,0.21964587,0.37769836
2025-12-15,0.0711280032992363,0.20150703,0.37195152
2025-12-16,0.0718400031328201,0.18656221,0.38436916
2025-12-17,0.0679140016436576,0.17651583,0.3880419
2025-12-18,0.0656939968466758,0.15798137,0.4233967
2025-12-19,0.071662999689579,0.14785072,0.45377898
2025-12-20,0.0718360021710395,0.17707583,0.4390028
2025-12-21,0.0703139975666999,0.18210009,0.45854652
2025-12-22,0.0716330036520958,0.17670171,0.46816632
2025-12-23,0.070092998445034,0.18610951,0.4736557
2025-12-24,0.0761120021343231,0.18134458,0.49139327
2025-12-25,0.0719870030879974,0.19258575,0.42467222
2025-12-26,0.0724729970097541,0.1895023,0.44327468
2025-12-27,0.0734250023961067,0.21680471,0.45116177
2025-12-28,0.0722120031714439,0.22578828,0.45238316
2025-12-29,0.0702790021896362,0.22332172,0.46645513
2025-12-30,0.0707350000739097,0.21268687,0.48442784
2025-12-31,0.0701640024781227,0.21350282,0.49500054
2026-01-01,0.0745600014925003,0.20135587,0.47819072
2026-01-02,0.0771370008587837,0.2141444,0.4349826
2026-01-03,0.076785996556282,0.2232423,0.40601224
2026-01-04,0.0797820016741752,0.22960018,0.40811548
2026-01-05,0.0813890025019645,0.24474096,0.3771113
2026-01-06,0.0823300033807754,0.2531348,0.36599186
2026-01-07,0.0785449966788292,0.25636178,0.34763208
2026-01-08,0.0765570029616355,0.2388823,0.37412378
2026-01-09,0.0769760012626648,0.221822,0.38227412
2026-01-10,0.0765839964151382,0.22255616,0.37192905
2026-01-11,0.0753059983253479,0.21250832,0.3829994
2026-01-12,0.0747099965810775,0.19709167,0.39648002
2026-01-13,0.0805519968271255,0.18381153,0.4067983
2026-01-14,0.0786489993333816,0.20239523,0.35718778
2026-01-15,0.0763589963316917,0.20241325,0.37432733
2026-01-16,0.0763510018587112,0.1983309,0.4074621
2026-01-17,0.0795079991221427,0.19207932,0.4067367
2026-01-18,0.0763569995760917,0.20641612,0.37261564
2026-01-19,0.0746380016207695,0.19027543,0.4016843
2026-01-20,0.0693669989705085,0.18502337,0.3833779
2026-01-21,0.0712520033121109,0.15502535,0.4094726
2026-01-22,0.0705979987978935,0.16035691,0.37052986
2026-01-23,0.0710930004715919,0.15488578,0.36838874
2026-01-24,0.0709360018372535,0.16124438,0.37743214
2026-01-25,0.0668540000915527,0.15291446,0.36726645
2026-01-26,0.0674130022525787,0.13845168,0.3738394
2026-01-27,0.0683469995856285,0.14425108,0.34884703
2026-01-28,0.0677620023488998,0.16063559,0.33313116
2026-01-29,0.0632470026612281,0.17449112,0.3142489
2026-01-30,0.0624979995191097,0.16074726,0.3266346
2026-01-31,0.0556580014526844,0.16632906,0.31310436
2026-02-01,0.0547010004520416,0.14593989,0.36138684
2026-02-02,0.0560190007090568,0.15374428,0.38547817
2026-02-03,0.0551179982721805,0.17618491,0.3458546
2026-02-04,0.0552500002086162,0.18045536,0.34584463
2026-02-05,0.0454449988901615,0.18469551,0.34809428
2026-02-06,0.0510680004954338,0.1301365,0.4182017
2026-02-07,0.0491800010204315,0.16638522,0.32912466
2026-02-08,0.0464019998908042,0.16599306,0.35639435
2026-02-09,0.0474070012569427,0.16090906,0.36923784
2026-02-10,0.0458029992878437,0.17115909,0.35820383
2026-02-11,0.0451279990375041,0.15642332,0.37622565
2026-02-12,0.0483790002763271,0.15065159,0.38857657
2026-02-13,0.0534139983355999,0.1663545,0.35995337
2026-02-14,0.0569359995424747,0.19416177,0.29885617
2026-02-15,0.0553570017218589,0.22782552,0.2531767
2026-02-16,0.0552610009908676,0.22870189,0.25549352
2026-02-17,0.054407998919487,0.2355556,0.2595831
2026-02-18,0.052556000649929,0.23230958,0.26350957
2026-02-19,0.0511769987642765,0.22057967,0.27058914
2026-02-20,0.0521770007908344,0.21783495,0.2728669
2026-02-21,0.0522900000214576,0.22240576,0.26979274
2026-02-22,0.0510240010917186,0.22080152,0.27389067
